    HandType, Income Rate, Error, SD, Iteration
32o, -0.4467, -0.001413, 2.221, 0
22, 0.1974, 0.0006244, 3.237, 0
32s, -0.07617, -0.0002409, 2.845, 0
33, 0.2165, 0.0006846, 3.253, 0
42o, -0.3959, -0.001252, 2.302, 0
42s, -0.03614, -0.0001143, 2.892, 0
43o, -0.3251, -0.001028, 2.427, 0
43s, 0.04127, 0.0001305, 2.989, 0
44, 0.2026, 0.0006406, 3.229, 0
52o, -0.3648, -0.001153, 2.350, 0
52s, -0.003256, -1.030e-05, 2.926, 0
53o, -0.2604, -0.0008236, 2.524, 0
53s, 0.09301, 0.0002941, 3.047, 0
54o, -0.1718, -0.0005434, 2.657, 0
54s, 0.1751, 0.0005537, 3.136, 0
55, 0.2484, 0.0007854, 3.275, 0
62o, -0.4744, -0.001500, 2.142, 0
62s, -0.1038, -0.0003281, 2.791, 0
63o, -0.3408, -0.001078, 2.390, 0
63s, 0.02452, 7.754e-05, 2.961, 0
64o, -0.2227, -0.0007041, 2.581, 0
64s, 0.1041, 0.0003293, 3.056, 0
65o, -0.1651, -0.0005222, 2.663, 0
65s, 0.1918, 0.0006064, 3.155, 0
66, 0.3176, 0.001004, 3.354, 0
72o, -0.5134, -0.001623, 2.056, 0
72s, -0.1263, -0.0003993, 2.752, 0
73o, -0.4176, -0.001320, 2.244, 0
73s, -0.04781, -0.0001512, 2.860, 0
74o, -0.3032, -0.0009587, 2.439, 0
74s, 0.04096, 0.0001295, 2.972, 0
75o, -0.2190, -0.0006927, 2.575, 0
75s, 0.1414, 0.0004472, 3.090, 0
76o, -0.1103, -0.0003487, 2.740, 0
76s, 0.2347, 0.0007422, 3.203, 0
77, 0.3570, 0.001129, 3.397, 0
82o, -0.4977, -0.001574, 2.086, 0
82s, -0.1051, -0.0003325, 2.780, 0
83o, -0.4799, -0.001518, 2.107, 0
83s, -0.09893, -0.0003128, 2.780, 0
84o, -0.3809, -0.001205, 2.293, 0
84s, -0.01714, -5.420e-05, 2.891, 0
85o, -0.2793, -0.0008833, 2.471, 0
85s, 0.1091, 0.0003450, 3.049, 0
86o, -0.1576, -0.0004985, 2.665, 0
86s, 0.2014, 0.0006369, 3.163, 0
87o, -0.06433, -0.0002034, 2.806, 0
87s, 0.2782, 0.0008798, 3.250, 0
88, 0.4580, 0.001448, 3.503, 0
92o, -0.4794, -0.001516, 2.125, 0
92s, -0.07654, -0.0002420, 2.823, 0
93o, -0.4475, -0.001415, 2.174, 0
93s, -0.07608, -0.0002406, 2.814, 0
94o, -0.4339, -0.001372, 2.181, 0
94s, -0.05101, -0.0001613, 2.840, 0
95o, -0.3262, -0.001031, 2.380, 0
95s, 0.05015, 0.0001586, 2.972, 0
96o, -0.2108, -0.0006667, 2.576, 0
96s, 0.1399, 0.0004423, 3.083, 0
97o, -0.1101, -0.0003483, 2.736, 0
97s, 0.2531, 0.0008004, 3.215, 0
98o, -0.009759, -3.086e-05, 2.878, 0
98s, 0.3254, 0.001029, 3.301, 0
99, 0.5507, 0.001741, 3.591, 0
A2o, -0.1003, -0.0003173, 2.782, 0
A2s, 0.3163, 0.001000, 3.315, 0
A3o, -0.05581, -0.0001765, 2.828, 0
A3s, 0.3836, 0.001213, 3.372, 0
A4o, -0.001291, -4.084e-06, 2.887, 0
A4s, 0.4344, 0.001374, 3.417, 0
A5o, 0.01316, 4.161e-05, 2.891, 0
A5s, 0.4413, 0.001396, 3.412, 0
A6o, -0.03586, -0.0001134, 2.825, 0
A6s, 0.4083, 0.001291, 3.377, 0
A7o, 0.002740, 8.664e-06, 2.874, 0
A7s, 0.4307, 0.001362, 3.396, 0
A8o, 0.07236, 0.0002288, 2.971, 0
A8s, 0.4620, 0.001461, 3.437, 0
A9o, 0.1081, 0.0003419, 3.019, 0
A9s, 0.5517, 0.001745, 3.526, 0
AA, 2.104, 0.006655, 4.615, 0
AJo, 0.4007, 0.001267, 3.361, 0
AJs, 0.7976, 0.002522, 3.742, 0
AKo, 0.6222, 0.001968, 3.587, 0
AKs, 0.9741, 0.003080, 3.892, 0
AQo, 0.4897, 0.001549, 3.454, 0
AQs, 0.8703, 0.002752, 3.810, 0
ATo, 0.3158, 0.0009986, 3.265, 0
ATs, 0.7132, 0.002255, 3.668, 0
J2o, -0.3805, -0.001203, 2.310, 0
J2s, 0.04047, 0.0001280, 2.980, 0
J3o, -0.3531, -0.001117, 2.346, 0
J3s, 0.03523, 0.0001114, 2.959, 0
J4o, -0.3452, -0.001092, 2.344, 0
J4s, 0.08083, 0.0002556, 3.006, 0
J5o, -0.3150, -0.0009962, 2.379, 0
J5s, 0.08757, 0.0002769, 3.007, 0
J6o, -0.2793, -0.0008833, 2.444, 0
J6s, 0.09141, 0.0002891, 3.011, 0
J7o, -0.1591, -0.0005031, 2.645, 0
J7s, 0.2145, 0.0006782, 3.162, 0
J8o, -0.05761, -0.0001822, 2.800, 0
J8s, 0.3315, 0.001048, 3.297, 0
J9o, 0.09502, 0.0003005, 3.004, 0
J9s, 0.4366, 0.001381, 3.408, 0
JJ, 0.9391, 0.002970, 3.927, 0
JTo, 0.3047, 0.0009636, 3.244, 0
JTs, 0.6631, 0.002097, 3.617, 0
K2o, -0.2296, -0.0007260, 2.586, 0
K2s, 0.1974, 0.0006243, 3.181, 0
K3o, -0.2304, -0.0007287, 2.568, 0
K3s, 0.2394, 0.0007569, 3.218, 0
K4o, -0.1879, -0.0005941, 2.618, 0
K4s, 0.2416, 0.0007640, 3.207, 0
K5o, -0.1657, -0.0005239, 2.637, 0
K5s, 0.2396, 0.0007577, 3.195, 0
K6o, -0.1142, -0.0003610, 2.713, 0
K6s, 0.2790, 0.0008823, 3.242, 0
K7o, -0.08318, -0.0002630, 2.757, 0
K7s, 0.3392, 0.001073, 3.304, 0
K8o, -0.04517, -0.0001428, 2.814, 0
K8s, 0.3657, 0.001157, 3.335, 0
K9o, 0.06984, 0.0002209, 2.976, 0
K9s, 0.4755, 0.001504, 3.451, 0
KJo, 0.3682, 0.001164, 3.322, 0
KJs, 0.7627, 0.002412, 3.712, 0
KK, 1.609, 0.005090, 4.376, 0
KQo, 0.4718, 0.001492, 3.438, 0
KQs, 0.8002, 0.002530, 3.749, 0
KTo, 0.2806, 0.0008874, 3.223, 0
KTs, 0.6800, 0.002150, 3.641, 0
Q2o, -0.3138, -0.0009923, 2.439, 0
Q2s, 0.09456, 0.0002990, 3.057, 0
Q3o, -0.3027, -0.0009572, 2.444, 0
Q3s, 0.1213, 0.0003837, 3.075, 0
Q4o, -0.2813, -0.0008896, 2.466, 0
Q4s, 0.1374, 0.0004344, 3.083, 0
Q5o, -0.2429, -0.0007680, 2.513, 0
Q5s, 0.1638, 0.0005181, 3.103, 0
Q6o, -0.2229, -0.0007049, 2.542, 0
Q6s, 0.1959, 0.0006194, 3.141, 0
Q7o, -0.1875, -0.0005930, 2.598, 0
Q7s, 0.2019, 0.0006386, 3.147, 0
Q8o, -0.07526, -0.0002380, 2.777, 0
Q8s, 0.3383, 0.001070, 3.306, 0
Q9o, 0.07112, 0.0002249, 2.974, 0
Q9s, 0.4402, 0.001392, 3.416, 0
QJo, 0.3549, 0.001122, 3.310, 0
QJs, 0.7011, 0.002217, 3.655, 0
QQ, 1.213, 0.003837, 4.129, 0
QTo, 0.2819, 0.0008915, 3.228, 0
QTs, 0.6562, 0.002075, 3.610, 0
T2o, -0.4048, -0.001280, 2.255, 0
T2s, -0.03627, -0.0001147, 2.867, 0
T3o, -0.3934, -0.001244, 2.263, 0
T3s, -0.01777, -5.621e-05, 2.879, 0
T4o, -0.3674, -0.001162, 2.296, 0
T4s, 0.02110, 6.673e-05, 2.921, 0
T5o, -0.3548, -0.001122, 2.305, 0
T5s, 0.03573, 0.0001130, 2.932, 0
T6o, -0.2369, -0.0007491, 2.517, 0
T6s, 0.1211, 0.0003831, 3.048, 0
T7o, -0.1356, -0.0004289, 2.679, 0
T7s, 0.2250, 0.0007115, 3.172, 0
T8o, -0.004283, -1.355e-05, 2.868, 0
T8s, 0.3563, 0.001127, 3.320, 0
T9o, 0.1393, 0.0004404, 3.055, 0
T9s, 0.4834, 0.001529, 3.449, 0
TT, 0.7181, 0.002271, 3.737, 0
HandType, Income Rate, Error, SD, Iteration
32o, -0.4433, -0.001402, 2.224, 1
22, 0.1992, 0.0006301, 3.240, 1
32s, -0.07760, -0.0002454, 2.841, 1
33, 0.1881, 0.0005948, 3.219, 1
42o, -0.3925, -0.001241, 2.308, 1
42s, -0.03112, -9.842e-05, 2.898, 1
43o, -0.3066, -0.0009695, 2.454, 1
43s, 0.03300, 0.0001044, 2.977, 1
44, 0.2211, 0.0006991, 3.249, 1
52o, -0.3719, -0.001176, 2.336, 1
52s, -0.007992, -2.527e-05, 2.920, 1
53o, -0.2656, -0.0008397, 2.514, 1
54o, -0.1786, -0.0005647, 2.648, 1
53s, 0.09579, 0.0003029, 3.050, 1
54s, 0.1736, 0.0005489, 3.138, 1
55, 0.2610, 0.0008255, 3.291, 1
62o, -0.4491, -0.001420, 2.196, 1
62s, -0.1047, -0.0003311, 2.792, 1
63s, 0.01942, 6.142e-05, 2.954, 1
63o, -0.3565, -0.001127, 2.362, 1
64o, -0.2451, -0.0007750, 2.545, 1
64s, 0.1074, 0.0003396, 3.059, 1
65o, -0.1360, -0.0004299, 2.708, 1
65s, 0.1942, 0.0006141, 3.164, 1
66, 0.3102, 0.0009810, 3.346, 1
72o, -0.5202, -0.001645, 2.036, 1
72s, -0.1362, -0.0004307, 2.736, 1
73o, -0.4200, -0.001328, 2.235, 1
73s, -0.05409, -0.0001711, 2.852, 1
74o, -0.3052, -0.0009650, 2.441, 1
74s, 0.04797, 0.0001517, 2.983, 1
75o, -0.2094, -0.0006623, 2.589, 1
75s, 0.1576, 0.0004984, 3.111, 1
76o, -0.1081, -0.0003419, 2.747, 1
76s, 0.2387, 0.0007548, 3.205, 1
77, 0.3735, 0.001181, 3.413, 1
82o, -0.5052, -0.001598, 2.069, 1
82s, -0.1196, -0.0003783, 2.761, 1
83o, -0.4758, -0.001505, 2.120, 1
83s, -0.1018, -0.0003218, 2.776, 1
84o, -0.3809, -0.001205, 2.299, 1
84s, -0.009547, -3.019e-05, 2.904, 1
85o, -0.2797, -0.0008844, 2.468, 1
85s, 0.09376, 0.0002965, 3.030, 1
86o, -0.1565, -0.0004949, 2.665, 1
86s, 0.2052, 0.0006488, 3.165, 1
87o, -0.07400, -0.0002340, 2.791, 1
87s, 0.2752, 0.0008701, 3.245, 1
88, 0.4653, 0.001472, 3.509, 1
92o, -0.4881, -0.001543, 2.109, 1
92s, -0.08080, -0.0002555, 2.820, 1
93o, -0.4571, -0.001445, 2.152, 1
93s, -0.06831, -0.0002160, 2.824, 1
94o, -0.4311, -0.001363, 2.188, 1
94s, -0.02960, -9.361e-05, 2.866, 1
95o, -0.3395, -0.001074, 2.363, 1
95s, 0.04564, 0.0001443, 2.963, 1
96o, -0.2232, -0.0007058, 2.559, 1
96s, 0.1345, 0.0004254, 3.078, 1
97o, -0.1033, -0.0003266, 2.744, 1
97s, 0.2623, 0.0008294, 3.231, 1
98o, -0.005951, -1.882e-05, 2.884, 1
98s, 0.3518, 0.001113, 3.331, 1
99, 0.5688, 0.001799, 3.610, 1
A2o, -0.1079, -0.0003413, 2.771, 1
A2s, 0.3340, 0.001056, 3.334, 1
A3o, -0.05726, -0.0001811, 2.829, 1
A3s, 0.3826, 0.001210, 3.372, 1
A4o, -0.01942, -6.142e-05, 2.860, 1
A4s, 0.4225, 0.001336, 3.403, 1
A5o, 0.003265, 1.033e-05, 2.875, 1
A5s, 0.4407, 0.001394, 3.410, 1
A6o, -0.03852, -0.0001218, 2.819, 1
A6s, 0.3895, 0.001232, 3.359, 1
A7o, 0.006625, 2.095e-05, 2.883, 1
A7s, 0.4450, 0.001407, 3.411, 1
A8o, 0.03895, 0.0001232, 2.931, 1
A8s, 0.4770, 0.001508, 3.450, 1
A9o, 0.1184, 0.0003744, 3.034, 1
A9s, 0.5364, 0.001696, 3.507, 1
AA, 2.117, 0.006694, 4.619, 1
AJo, 0.3914, 0.001238, 3.352, 1
AJs, 0.7718, 0.002441, 3.724, 1
AKo, 0.6352, 0.002009, 3.597, 1
AKs, 0.9952, 0.003147, 3.906, 1
AQo, 0.4845, 0.001532, 3.449, 1
ATo, 0.3225, 0.001020, 3.270, 1
AQs, 0.8855, 0.002800, 3.822, 1
J2o, -0.3802, -0.001202, 2.312, 1
ATs, 0.7201, 0.002277, 3.674, 1
J2s, 0.02586, 8.177e-05, 2.959, 1
J3o, -0.3536, -0.001118, 2.345, 1
J3s, 0.05751, 0.0001819, 2.987, 1
J4o, -0.3427, -0.001084, 2.349, 1
J4s, 0.04931, 0.0001559, 2.966, 1
J5o, -0.3069, -0.0009705, 2.393, 1
J5s, 0.08139, 0.0002574, 2.997, 1
J6o, -0.2749, -0.0008693, 2.452, 1
J6s, 0.1236, 0.0003908, 3.050, 1
J7o, -0.1810, -0.0005724, 2.610, 1
J7s, 0.2262, 0.0007152, 3.173, 1
J8o, -0.06829, -0.0002160, 2.785, 1
J8s, 0.3242, 0.001025, 3.288, 1
J9o, 0.08304, 0.0002626, 2.989, 1
J9s, 0.4671, 0.001477, 3.440, 1
JJ, 0.9384, 0.002967, 3.926, 1
JTo, 0.3060, 0.0009677, 3.245, 1
JTs, 0.6421, 0.002031, 3.599, 1
K2o, -0.2556, -0.0008082, 2.546, 1
K2s, 0.1745, 0.0005517, 3.156, 1
K3o, -0.2170, -0.0006861, 2.591, 1
K3s, 0.2176, 0.0006882, 3.195, 1
K4o, -0.1973, -0.0006238, 2.602, 1
K4s, 0.2371, 0.0007497, 3.204, 1
K5o, -0.1622, -0.0005129, 2.641, 1
K5s, 0.2487, 0.0007864, 3.206, 1
K6o, -0.1389, -0.0004393, 2.675, 1
K6s, 0.2905, 0.0009188, 3.251, 1
K7o, -0.09605, -0.0003037, 2.744, 1
K7s, 0.3237, 0.001024, 3.287, 1
K8o, -0.04979, -0.0001575, 2.809, 1
K8s, 0.3677, 0.001163, 3.339, 1
K9o, 0.06551, 0.0002072, 2.974, 1
K9s, 0.4799, 0.001518, 3.458, 1
KJo, 0.3847, 0.001216, 3.342, 1
KJs, 0.7296, 0.002307, 3.685, 1
KQo, 0.4751, 0.001502, 3.439, 1
KK, 1.605, 0.005074, 4.372, 1
KTo, 0.2864, 0.0009058, 3.227, 1
KQs, 0.8122, 0.002568, 3.761, 1
Q2o, -0.3163, -0.001000, 2.435, 1
KTs, 0.6591, 0.002084, 3.617, 1
Q2s, 0.08833, 0.0002793, 3.048, 1
Q3o, -0.3078, -0.0009735, 2.428, 1
Q3s, 0.1179, 0.0003729, 3.069, 1
Q4o, -0.2620, -0.0008287, 2.493, 1
Q4s, 0.1411, 0.0004462, 3.087, 1
Q5o, -0.2637, -0.0008338, 2.475, 1
Q5s, 0.1797, 0.0005682, 3.123, 1
Q6o, -0.2327, -0.0007360, 2.526, 1
Q6s, 0.1941, 0.0006138, 3.140, 1
Q7o, -0.1864, -0.0005895, 2.601, 1
Q7s, 0.2191, 0.0006928, 3.167, 1
Q8o, -0.08615, -0.0002724, 2.760, 1
Q8s, 0.3215, 0.001017, 3.287, 1
Q9o, 0.05597, 0.0001770, 2.958, 1
Q9s, 0.4528, 0.001432, 3.426, 1
QJo, 0.3313, 0.001048, 3.280, 1
QJs, 0.7130, 0.002255, 3.667, 1
QQ, 1.214, 0.003840, 4.130, 1
QTo, 0.2919, 0.0009230, 3.234, 1
QTs, 0.6768, 0.002140, 3.632, 1
T2o, -0.4083, -0.001291, 2.251, 1
T2s, -0.02841, -8.985e-05, 2.878, 1
T3o, -0.3981, -0.001259, 2.253, 1
T3s, -0.01013, -3.202e-05, 2.895, 1
T4o, -0.3760, -0.001189, 2.280, 1
T4s, 0.004437, 1.403e-05, 2.901, 1
T5o, -0.3594, -0.001137, 2.299, 1
T5s, 0.03512, 0.0001111, 2.933, 1
T6o, -0.2474, -0.0007823, 2.494, 1
T6s, 0.1374, 0.0004344, 3.067, 1
T7o, -0.1255, -0.0003969, 2.696, 1
T7s, 0.2480, 0.0007843, 3.201, 1
T8o, 0.001863, 5.891e-06, 2.878, 1
T8s, 0.3522, 0.001114, 3.318, 1
T9o, 0.1231, 0.0003892, 3.040, 1
T9s, 0.4823, 0.001525, 3.452, 1
TT, 0.7200, 0.002277, 3.741, 1
HandType, Income Rate, Error, SD, Iteration
32o, -0.4539, -0.001435, 2.202, 2
22, 0.2107, 0.0006664, 3.253, 2
32s, -0.09456, -0.0002990, 2.817, 2
33, 0.1869, 0.0005909, 3.218, 2
42o, -0.3971, -0.001256, 2.303, 2
42s, -0.05256, -0.0001662, 2.867, 2
43o, -0.3171, -0.001003, 2.438, 2
43s, 0.02855, 9.029e-05, 2.972, 2
44, 0.2367, 0.0007485, 3.272, 2
52o, -0.3776, -0.001194, 2.328, 2
52s, -0.01269, -4.013e-05, 2.913, 2
53o, -0.2639, -0.0008346, 2.517, 2
53s, 0.08893, 0.0002812, 3.038, 2
54o, -0.1704, -0.0005389, 2.659, 2
54s, 0.1750, 0.0005535, 3.140, 2
55, 0.2376, 0.0007514, 3.263, 2
62o, -0.4530, -0.001433, 2.189, 2
62s, -0.08424, -0.0002664, 2.820, 2
63s, -0.0003692, -1.167e-06, 2.927, 2
63o, -0.3455, -0.001093, 2.385, 2
64o, -0.2405, -0.0007605, 2.549, 2
64s, 0.1122, 0.0003547, 3.067, 2
65o, -0.1544, -0.0004883, 2.681, 2
65s, 0.1921, 0.0006073, 3.155, 2
66, 0.2931, 0.0009269, 3.326, 2
72o, -0.5224, -0.001652, 2.033, 2
72s, -0.1483, -0.0004689, 2.718, 2
73o, -0.4294, -0.001358, 2.220, 2
74o, -0.3003, -0.0009498, 2.443, 2
73s, -0.05819, -0.0001840, 2.842, 2
74s, 0.05572, 0.0001762, 2.991, 2
75o, -0.2193, -0.0006936, 2.579, 2
75s, 0.1425, 0.0004506, 3.097, 2
76o, -0.1150, -0.0003637, 2.735, 2
76s, 0.2392, 0.0007563, 3.208, 2
77, 0.3509, 0.001110, 3.390, 2
82o, -0.5064, -0.001601, 2.066, 2
82s, -0.1279, -0.0004044, 2.752, 2
83o, -0.4764, -0.001507, 2.115, 2
83s, -0.1054, -0.0003333, 2.771, 2
84o, -0.3888, -0.001229, 2.281, 2
84s, -0.01608, -5.086e-05, 2.896, 2
85o, -0.2678, -0.0008470, 2.485, 2
85s, 0.1044, 0.0003300, 3.042, 2
86o, -0.1551, -0.0004904, 2.673, 2
86s, 0.1818, 0.0005748, 3.138, 2
87o, -0.07624, -0.0002411, 2.789, 2
87s, 0.2716, 0.0008589, 3.243, 2
88, 0.4700, 0.001486, 3.513, 2
92o, -0.4728, -0.001495, 2.140, 2
92s, -0.09024, -0.0002854, 2.804, 2
93o, -0.4530, -0.001433, 2.161, 2
93s, -0.08090, -0.0002558, 2.807, 2
94o, -0.4252, -0.001345, 2.201, 2
94s, -0.04607, -0.0001457, 2.850, 2
95o, -0.3377, -0.001068, 2.364, 2
96o, -0.2329, -0.0007366, 2.544, 2
95s, 0.04409, 0.0001394, 2.961, 2
96s, 0.1608, 0.0005086, 3.113, 2
97o, -0.1059, -0.0003348, 2.743, 2
97s, 0.2446, 0.0007735, 3.210, 2
98o, 0.001887, 5.967e-06, 2.891, 2
98s, 0.3497, 0.001106, 3.324, 2
99, 0.5537, 0.001751, 3.594, 2
A2o, -0.1046, -0.0003307, 2.778, 2
A2s, 0.3440, 0.001088, 3.345, 2
A3o, -0.03611, -0.0001142, 2.856, 2
A3s, 0.3889, 0.001230, 3.380, 2
A4o, 0.006091, 1.926e-05, 2.894, 2
A4s, 0.4247, 0.001343, 3.402, 2
A5o, 0.01692, 5.350e-05, 2.901, 2
A5s, 0.4588, 0.001451, 3.431, 2
A6o, -0.03880, -0.0001227, 2.821, 2
A6s, 0.4145, 0.001311, 3.385, 2
A7o, -0.01862, -5.889e-05, 2.850, 2
A7s, 0.4295, 0.001358, 3.397, 2
A8o, 0.04314, 0.0001364, 2.935, 2
A8s, 0.4972, 0.001572, 3.468, 2
A9o, 0.1121, 0.0003544, 3.028, 2
A9s, 0.5377, 0.001700, 3.513, 2
AA, 2.087, 0.006599, 4.606, 2
AJo, 0.3916, 0.001238, 3.352, 2
AJs, 0.8043, 0.002543, 3.748, 2
AKo, 0.6311, 0.001996, 3.596, 2
AKs, 0.9968, 0.003152, 3.909, 2
AQo, 0.5130, 0.001622, 3.478, 2
AQs, 0.8669, 0.002741, 3.805, 2
ATo, 0.3144, 0.0009943, 3.260, 2
ATs, 0.7223, 0.002284, 3.675, 2
J2o, -0.3919, -0.001239, 2.292, 2
J3o, -0.3576, -0.001131, 2.340, 2
J2s, 0.03075, 9.722e-05, 2.968, 2
J4o, -0.3277, -0.001036, 2.378, 2
J3s, 0.03435, 0.0001086, 2.962, 2
J5o, -0.3086, -0.0009758, 2.400, 2
J4s, 0.08333, 0.0002635, 3.011, 2
J6o, -0.2739, -0.0008662, 2.459, 2
J5s, 0.09236, 0.0002921, 3.010, 2
J6s, 0.1082, 0.0003420, 3.030, 2
J7o, -0.1841, -0.0005823, 2.607, 2
J7s, 0.2079, 0.0006573, 3.157, 2
J8o, -0.05631, -0.0001781, 2.802, 2
J8s, 0.3304, 0.001045, 3.297, 2
J9o, 0.08741, 0.0002764, 2.994, 2
J9s, 0.4630, 0.001464, 3.438, 2
JJ, 0.9342, 0.002954, 3.921, 2
JTo, 0.3110, 0.0009836, 3.256, 2
JTs, 0.6532, 0.002065, 3.609, 2
K2o, -0.2491, -0.0007877, 2.554, 2
K2s, 0.1951, 0.0006169, 3.179, 2
K3o, -0.2175, -0.0006879, 2.591, 2
K3s, 0.2186, 0.0006914, 3.195, 2
K4o, -0.1787, -0.0005649, 2.630, 2
K4s, 0.2431, 0.0007686, 3.212, 2
K5o, -0.1668, -0.0005273, 2.639, 2
K5s, 0.2594, 0.0008204, 3.219, 2
K6o, -0.1540, -0.0004871, 2.653, 2
K6s, 0.2858, 0.0009039, 3.249, 2
K7o, -0.1013, -0.0003203, 2.733, 2
K7s, 0.3155, 0.0009978, 3.277, 2
K8o, -0.04638, -0.0001467, 2.817, 2
K8s, 0.3573, 0.001130, 3.323, 2
K9o, 0.07884, 0.0002493, 2.986, 2
K9s, 0.4778, 0.001511, 3.455, 2
KJo, 0.3599, 0.001138, 3.318, 2
KJs, 0.7247, 0.002292, 3.684, 2
KK, 1.627, 0.005145, 4.386, 2
KQo, 0.4540, 0.001436, 3.417, 2
KQs, 0.8058, 0.002548, 3.752, 2
KTo, 0.2753, 0.0008707, 3.217, 2
KTs, 0.6853, 0.002167, 3.643, 2
Q2o, -0.3308, -0.001046, 2.412, 2
Q2s, 0.1010, 0.0003194, 3.065, 2
Q3o, -0.2885, -0.0009122, 2.464, 2
Q3s, 0.09828, 0.0003108, 3.045, 2
Q4o, -0.2714, -0.0008582, 2.480, 2
Q4s, 0.1272, 0.0004021, 3.069, 2
Q5o, -0.2503, -0.0007915, 2.500, 2
Q5s, 0.1557, 0.0004924, 3.096, 2
Q6o, -0.2304, -0.0007285, 2.529, 2
Q6s, 0.1928, 0.0006098, 3.139, 2
Q7o, -0.1854, -0.0005863, 2.599, 2
Q7s, 0.2255, 0.0007130, 3.176, 2
Q8o, -0.07981, -0.0002524, 2.769, 2
Q8s, 0.3063, 0.0009686, 3.273, 2
Q9o, 0.06649, 0.0002103, 2.972, 2
Q9s, 0.4554, 0.001440, 3.430, 2
QJo, 0.3449, 0.001091, 3.297, 2
QJs, 0.7038, 0.002226, 3.663, 2
QQ, 1.231, 0.003893, 4.142, 2
QTo, 0.2891, 0.0009142, 3.233, 2
QTs, 0.6388, 0.002020, 3.600, 2
T2o, -0.4077, -0.001289, 2.251, 2
T2s, -0.02666, -8.431e-05, 2.885, 2
T3o, -0.3799, -0.001201, 2.285, 2
T3s, 0.003177, 1.005e-05, 2.912, 2
T4o, -0.3940, -0.001246, 2.246, 2
T4s, 0.02683, 8.484e-05, 2.930, 2
T5o, -0.3454, -0.001092, 2.323, 2
T5s, 0.04178, 0.0001321, 2.941, 2
T6o, -0.2474, -0.0007823, 2.500, 2
T6s, 0.1214, 0.0003840, 3.046, 2
T7o, -0.1412, -0.0004464, 2.674, 2
T7s, 0.2378, 0.0007519, 3.190, 2
T8o, 0.009731, 3.077e-05, 2.889, 2
T8s, 0.3724, 0.001178, 3.336, 2
T9o, 0.1510, 0.0004775, 3.074, 2
T9s, 0.4891, 0.001547, 3.454, 2
TT, 0.7177, 0.002270, 3.736, 2
HandType, Income Rate, Error, SD, Iteration
32o, -0.4487, -0.001419, 2.214, 3
22, 0.2170, 0.0006864, 3.260, 3
32s, -0.07759, -0.0002454, 2.841, 3
33, 0.1946, 0.0006153, 3.227, 3
42o, -0.3870, -0.001224, 2.320, 3
42s, -0.05959, -0.0001885, 2.859, 3
43o, -0.3101, -0.0009808, 2.449, 3
43s, 0.03899, 0.0001233, 2.985, 3
44, 0.2363, 0.0007474, 3.268, 3
52o, -0.3674, -0.001162, 2.341, 3
52s, -0.02354, -7.445e-05, 2.900, 3
53o, -0.2536, -0.0008019, 2.532, 3
53s, 0.09187, 0.0002905, 3.044, 3
54o, -0.1712, -0.0005412, 2.653, 3
54s, 0.1665, 0.0005265, 3.128, 3
55, 0.2487, 0.0007865, 3.276, 3
62o, -0.4655, -0.001472, 2.163, 3
62s, -0.08227, -0.0002602, 2.824, 3
63s, 0.01022, 3.231e-05, 2.941, 3
63o, -0.3518, -0.001113, 2.372, 3
64o, -0.2383, -0.0007535, 2.554, 3
64s, 0.1077, 0.0003405, 3.060, 3
65o, -0.1508, -0.0004768, 2.685, 3
65s, 0.2007, 0.0006347, 3.169, 3
72o, -0.5177, -0.001637, 2.046, 3
66, 0.3115, 0.0009852, 3.346, 3
73o, -0.4259, -0.001347, 2.224, 3
72s, -0.1336, -0.0004225, 2.740, 3
73s, -0.04973, -0.0001573, 2.856, 3
74o, -0.3172, -0.001003, 2.418, 3
74s, 0.06220, 0.0001967, 2.997, 3
75o, -0.1949, -0.0006163, 2.617, 3
76o, -0.1126, -0.0003562, 2.742, 3
75s, 0.1461, 0.0004621, 3.098, 3
76s, 0.2284, 0.0007223, 3.196, 3
77, 0.3381, 0.001069, 3.374, 3
82o, -0.5082, -0.001607, 2.056, 3
82s, -0.1286, -0.0004068, 2.745, 3
83o, -0.4838, -0.001530, 2.095, 3
83s, -0.1052, -0.0003327, 2.773, 3
84o, -0.3809, -0.001204, 2.294, 3
84s, -0.006240, -1.973e-05, 2.910, 3
85o, -0.2636, -0.0008336, 2.497, 3
85s, 0.09406, 0.0002974, 3.029, 3
86o, -0.1650, -0.0005219, 2.656, 3
86s, 0.2017, 0.0006379, 3.160, 3
87o, -0.06573, -0.0002078, 2.802, 3
87s, 0.2874, 0.0009089, 3.257, 3
88, 0.4704, 0.001487, 3.513, 3
92o, -0.4732, -0.001496, 2.137, 3
92s, -0.08557, -0.0002706, 2.812, 3
93o, -0.4547, -0.001438, 2.155, 3
93s, -0.06820, -0.0002157, 2.825, 3
94o, -0.4418, -0.001397, 2.169, 3
94s, -0.04628, -0.0001463, 2.847, 3
95o, -0.3258, -0.001030, 2.379, 3
95s, 0.05211, 0.0001648, 2.973, 3
96o, -0.2278, -0.0007204, 2.553, 3
96s, 0.1699, 0.0005373, 3.122, 3
97o, -0.1108, -0.0003505, 2.731, 3
97s, 0.2543, 0.0008041, 3.221, 3
98o, -0.005366, -1.697e-05, 2.884, 3
98s, 0.3462, 0.001095, 3.327, 3
99, 0.5575, 0.001763, 3.598, 3
A2o, -0.1068, -0.0003378, 2.769, 3
A2s, 0.3364, 0.001064, 3.340, 3
A3o, -0.04582, -0.0001449, 2.841, 3
A3s, 0.3873, 0.001225, 3.378, 3
A4o, -0.01277, -4.038e-05, 2.870, 3
A4s, 0.4265, 0.001349, 3.408, 3
A5o, 0.03480, 0.0001101, 2.925, 3
A5s, 0.4453, 0.001408, 3.414, 3
A6o, -0.04267, -0.0001349, 2.814, 3
A6s, 0.3836, 0.001213, 3.347, 3
A7o, 0.01523, 4.817e-05, 2.898, 3
A7s, 0.4370, 0.001382, 3.404, 3
A8o, 0.04887, 0.0001545, 2.942, 3
A8s, 0.4655, 0.001472, 3.439, 3
A9o, 0.1197, 0.0003787, 3.035, 3
A9s, 0.5288, 0.001672, 3.500, 3
AA, 2.095, 0.006625, 4.612, 3
AJo, 0.3886, 0.001229, 3.348, 3
AJs, 0.7820, 0.002473, 3.731, 3
AKo, 0.6469, 0.002046, 3.608, 3
AKs, 0.9869, 0.003121, 3.899, 3
AQo, 0.4992, 0.001578, 3.465, 3
ATo, 0.3160, 0.0009993, 3.260, 3
AQs, 0.8769, 0.002773, 3.811, 3
J2o, -0.3695, -0.001169, 2.334, 3
ATs, 0.7261, 0.002296, 3.678, 3
J2s, 0.02529, 7.996e-05, 2.959, 3
J3o, -0.3445, -0.001089, 2.360, 3
J3s, 0.03699, 0.0001170, 2.963, 3
J4o, -0.3414, -0.001080, 2.352, 3
J4s, 0.06180, 0.0001954, 2.980, 3
J5o, -0.2987, -0.0009445, 2.412, 3
J5s, 0.07805, 0.0002468, 2.994, 3
J6o, -0.2957, -0.0009350, 2.417, 3
J6s, 0.1128, 0.0003569, 3.040, 3
J7o, -0.1633, -0.0005163, 2.639, 3
J7s, 0.2084, 0.0006591, 3.157, 3
J8o, -0.03831, -0.0001212, 2.825, 3
J8s, 0.3268, 0.001033, 3.290, 3
J9o, 0.08501, 0.0002688, 2.990, 3
J9s, 0.4676, 0.001479, 3.440, 3
JJ, 0.9282, 0.002935, 3.918, 3
JTo, 0.2816, 0.0008906, 3.220, 3
JTs, 0.6468, 0.002045, 3.601, 3
K2o, -0.2412, -0.0007628, 2.568, 3
K2s, 0.1950, 0.0006165, 3.179, 3
K3o, -0.2328, -0.0007360, 2.563, 3
K3s, 0.2144, 0.0006780, 3.188, 3
K4o, -0.1882, -0.0005952, 2.616, 3
K4s, 0.2578, 0.0008152, 3.226, 3
K5o, -0.1687, -0.0005334, 2.637, 3
K5s, 0.2710, 0.0008569, 3.231, 3
K6o, -0.1340, -0.0004238, 2.688, 3
K6s, 0.2808, 0.0008878, 3.239, 3
K7o, -0.1005, -0.0003178, 2.732, 3
K7s, 0.3419, 0.001081, 3.306, 3
K8o, -0.04015, -0.0001270, 2.827, 3
K8s, 0.3788, 0.001198, 3.348, 3
K9o, 0.09617, 0.0003041, 3.008, 3
K9s, 0.4702, 0.001487, 3.447, 3
KJo, 0.3584, 0.001133, 3.312, 3
KJs, 0.7210, 0.002280, 3.677, 3
KK, 1.589, 0.005025, 4.366, 3
KQo, 0.4781, 0.001512, 3.446, 3
KQs, 0.8030, 0.002539, 3.751, 3
KTo, 0.2821, 0.0008921, 3.227, 3
KTs, 0.6827, 0.002159, 3.642, 3
Q2o, -0.3211, -0.001015, 2.427, 3
Q2s, 0.1025, 0.0003240, 3.064, 3
Q3o, -0.3038, -0.0009605, 2.440, 3
Q3s, 0.1152, 0.0003643, 3.066, 3
Q4o, -0.2742, -0.0008671, 2.474, 3
Q4s, 0.1392, 0.0004401, 3.086, 3
Q5o, -0.2572, -0.0008134, 2.490, 3
Q5s, 0.1611, 0.0005093, 3.101, 3
Q6o, -0.2155, -0.0006815, 2.554, 3
Q6s, 0.2083, 0.0006588, 3.156, 3
Q7o, -0.1955, -0.0006181, 2.588, 3
Q7s, 0.2178, 0.0006889, 3.166, 3
Q8o, -0.08602, -0.0002720, 2.761, 3
Q9o, 0.06527, 0.0002064, 2.970, 3
Q8s, 0.3322, 0.001051, 3.300, 3
QJo, 0.3448, 0.001090, 3.297, 3
Q9s, 0.4631, 0.001464, 3.441, 3
QJs, 0.7160, 0.002264, 3.674, 3
QQ, 1.226, 0.003878, 4.139, 3
QTo, 0.2841, 0.0008984, 3.228, 3
QTs, 0.6312, 0.001996, 3.594, 3
T2o, -0.4324, -0.001368, 2.201, 3
T2s, -0.03553, -0.0001124, 2.871, 3
T3o, -0.3934, -0.001244, 2.263, 3
T3s, -0.003423, -1.083e-05, 2.900, 3
T4o, -0.3678, -0.001163, 2.291, 3
T4s, 0.004961, 1.569e-05, 2.903, 3
T5o, -0.3653, -0.001155, 2.288, 3
T5s, 0.02938, 9.289e-05, 2.923, 3
T6o, -0.2636, -0.0008336, 2.472, 3
T6s, 0.1425, 0.0004505, 3.074, 3
T7o, -0.1311, -0.0004145, 2.689, 3
T7s, 0.2301, 0.0007275, 3.180, 3
T8o, 0.01153, 3.646e-05, 2.890, 3
T8s, 0.3688, 0.001166, 3.338, 3
T9o, 0.1179, 0.0003727, 3.035, 3
T9s, 0.4681, 0.001480, 3.437, 3
TT, 0.7274, 0.002300, 3.744, 3
HandType, Income Rate, Error, SD, Iteration
32o, -0.4401, -0.001392, 2.230, 4
22, 0.2019, 0.0006386, 3.242, 4
32s, -0.09085, -0.0002873, 2.820, 4
33, 0.2019, 0.0006384, 3.235, 4
42o, -0.4030, -0.001274, 2.292, 4
42s, -0.04522, -0.0001430, 2.880, 4
43o, -0.2979, -0.0009421, 2.470, 4
43s, 0.01852, 5.858e-05, 2.958, 4
44, 0.2138, 0.0006762, 3.244, 4
52o, -0.3675, -0.001162, 2.346, 4
52s, -0.01603, -5.071e-05, 2.910, 4
53o, -0.2635, -0.0008333, 2.522, 4
53s, 0.08833, 0.0002793, 3.037, 4
54o, -0.1737, -0.0005492, 2.649, 4
54s, 0.1670, 0.0005280, 3.129, 4
55, 0.2288, 0.0007236, 3.253, 4
62o, -0.4604, -0.001456, 2.171, 4
62s, -0.1064, -0.0003366, 2.784, 4
63s, 0.004492, 1.420e-05, 2.934, 4
63o, -0.3550, -0.001122, 2.365, 4
64o, -0.2378, -0.0007519, 2.557, 4
64s, 0.1280, 0.0004047, 3.087, 4
65o, -0.1514, -0.0004788, 2.679, 4
65s, 0.2094, 0.0006623, 3.177, 4
66, 0.3026, 0.0009568, 3.336, 4
72o, -0.5164, -0.001633, 2.045, 4
72s, -0.1399, -0.0004423, 2.733, 4
73o, -0.4202, -0.001329, 2.235, 4
73s, -0.04921, -0.0001556, 2.858, 4
74o, -0.3135, -0.0009915, 2.427, 4
74s, 0.06176, 0.0001953, 2.998, 4
75o, -0.2108, -0.0006666, 2.585, 4
75s, 0.1394, 0.0004408, 3.093, 4
76o, -0.1220, -0.0003858, 2.726, 4
76s, 0.2394, 0.0007570, 3.208, 4
77, 0.3856, 0.001219, 3.426, 4
82o, -0.5017, -0.001587, 2.078, 4
82s, -0.1090, -0.0003448, 2.777, 4
83o, -0.4813, -0.001522, 2.098, 4
83s, -0.09099, -0.0002877, 2.794, 4
84o, -0.3845, -0.001216, 2.288, 4
84s, -0.01208, -3.821e-05, 2.898, 4
85o, -0.2766, -0.0008746, 2.474, 4
85s, 0.1120, 0.0003542, 3.053, 4
86o, -0.1593, -0.0005039, 2.666, 4
86s, 0.1853, 0.0005860, 3.141, 4
87o, -0.05938, -0.0001878, 2.811, 4
87s, 0.2745, 0.0008682, 3.244, 4
88, 0.4329, 0.001369, 3.476, 4
92o, -0.4690, -0.001483, 2.143, 4
92s, -0.09577, -0.0003029, 2.796, 4
93o, -0.4595, -0.001453, 2.148, 4
93s, -0.07746, -0.0002449, 2.811, 4
94o, -0.4297, -0.001359, 2.192, 4
94s, -0.04639, -0.0001467, 2.843, 4
95o, -0.3449, -0.001091, 2.347, 4
95s, 0.04294, 0.0001358, 2.963, 4
96o, -0.2234, -0.0007066, 2.559, 4
96s, 0.1423, 0.0004499, 3.088, 4
97o, -0.09359, -0.0002959, 2.758, 4
97s, 0.2351, 0.0007436, 3.199, 4
98o, -0.001853, -5.861e-06, 2.885, 4
98s, 0.3587, 0.001134, 3.337, 4
99, 0.5628, 0.001780, 3.605, 4
A2o, -0.09491, -0.0003001, 2.787, 4
A2s, 0.3353, 0.001060, 3.337, 4
A3o, -0.05090, -0.0001609, 2.836, 4
A3s, 0.3869, 0.001223, 3.377, 4
A4o, -0.01785, -5.645e-05, 2.863, 4
A4s, 0.4121, 0.001303, 3.393, 4
A5o, 0.009475, 2.996e-05, 2.888, 4
A5s, 0.4404, 0.001393, 3.412, 4
A6o, -0.02991, -9.458e-05, 2.834, 4
A6s, 0.3917, 0.001239, 3.361, 4
A7o, 0.009325, 2.949e-05, 2.884, 4
A7s, 0.4332, 0.001370, 3.401, 4
A8o, 0.04761, 0.0001505, 2.940, 4
A8s, 0.4569, 0.001445, 3.426, 4
A9o, 0.1182, 0.0003739, 3.040, 4
A9s, 0.5285, 0.001671, 3.503, 4
AA, 2.108, 0.006667, 4.616, 4
AJo, 0.3834, 0.001212, 3.344, 4
AJs, 0.7767, 0.002456, 3.728, 4
AKo, 0.6563, 0.002075, 3.616, 4
AKs, 0.9896, 0.003129, 3.899, 4
AQo, 0.4861, 0.001537, 3.452, 4
AQs, 0.8443, 0.002670, 3.785, 4
ATo, 0.3161, 0.0009997, 3.269, 4
ATs, 0.7084, 0.002240, 3.663, 4
J2o, -0.3809, -0.001205, 2.312, 4
J2s, 0.02380, 7.527e-05, 2.959, 4
J3o, -0.3448, -0.001090, 2.357, 4
J3s, 0.06822, 0.0002157, 3.002, 4
J4o, -0.3322, -0.001051, 2.369, 4
J5o, -0.3174, -0.001004, 2.381, 4
J4s, 0.05424, 0.0001715, 2.974, 4
J6o, -0.2816, -0.0008905, 2.437, 4
J5s, 0.07163, 0.0002265, 2.985, 4
J6s, 0.09865, 0.0003120, 3.014, 4
J7o, -0.1801, -0.0005695, 2.611, 4
J7s, 0.2071, 0.0006550, 3.159, 4
J8o, -0.04620, -0.0001461, 2.811, 4
J8s, 0.3193, 0.001010, 3.286, 4
J9o, 0.08094, 0.0002560, 2.989, 4
J9s, 0.4565, 0.001444, 3.430, 4
JJ, 0.9375, 0.002965, 3.925, 4
JTo, 0.2982, 0.0009429, 3.237, 4
JTs, 0.6488, 0.002052, 3.606, 4
K2o, -0.2329, -0.0007365, 2.578, 4
K2s, 0.1717, 0.0005430, 3.149, 4
K3o, -0.2181, -0.0006898, 2.586, 4
K3s, 0.2099, 0.0006639, 3.184, 4
K4o, -0.1997, -0.0006316, 2.600, 4
K4s, 0.2516, 0.0007956, 3.221, 4
K5o, -0.1634, -0.0005167, 2.638, 4
K5s, 0.2754, 0.0008707, 3.236, 4
K6o, -0.1306, -0.0004130, 2.687, 4
K6s, 0.2973, 0.0009400, 3.257, 4
K7o, -0.1006, -0.0003183, 2.736, 4
K7s, 0.3063, 0.0009686, 3.267, 4
K8o, -0.05290, -0.0001673, 2.801, 4
K8s, 0.3623, 0.001146, 3.328, 4
K9o, 0.07813, 0.0002471, 2.982, 4
K9s, 0.4757, 0.001504, 3.452, 4
KJo, 0.3779, 0.001195, 3.337, 4
KJs, 0.7352, 0.002325, 3.690, 4
KK, 1.641, 0.005188, 4.393, 4
KQo, 0.4571, 0.001445, 3.420, 4
KQs, 0.8210, 0.002596, 3.766, 4
KTo, 0.2930, 0.0009266, 3.233, 4
KTs, 0.6674, 0.002110, 3.628, 4
Q2o, -0.3216, -0.001017, 2.424, 4
Q2s, 0.07873, 0.0002490, 3.034, 4
Q3o, -0.2872, -0.0009082, 2.462, 4
Q3s, 0.1277, 0.0004038, 3.082, 4
Q4o, -0.2803, -0.0008865, 2.468, 4
Q4s, 0.1433, 0.0004531, 3.090, 4
Q5o, -0.2449, -0.0007743, 2.511, 4
Q5s, 0.1673, 0.0005291, 3.109, 4
Q6o, -0.2255, -0.0007130, 2.537, 4
Q6s, 0.2154, 0.0006812, 3.165, 4
Q7o, -0.1969, -0.0006227, 2.585, 4
Q7s, 0.2097, 0.0006630, 3.158, 4
Q8o, -0.08777, -0.0002776, 2.756, 4
Q8s, 0.3461, 0.001094, 3.318, 4
Q9o, 0.07752, 0.0002451, 2.984, 4
Q9s, 0.4389, 0.001388, 3.410, 4
QJo, 0.3417, 0.001081, 3.294, 4
QJs, 0.7054, 0.002231, 3.662, 4
QQ, 1.220, 0.003859, 4.135, 4
QTo, 0.2729, 0.0008629, 3.211, 4
QTs, 0.6456, 0.002041, 3.606, 4
T2o, -0.4270, -0.001350, 2.216, 4
T2s, -0.02402, -7.596e-05, 2.890, 4
T3o, -0.3977, -0.001258, 2.251, 4
T3s, 0.005607, 1.773e-05, 2.911, 4
T4o, -0.3794, -0.001200, 2.273, 4
T4s, 0.02345, 7.416e-05, 2.930, 4
T5o, -0.3457, -0.001093, 2.324, 4
T5s, 0.04487, 0.0001419, 2.948, 4
T6o, -0.2606, -0.0008242, 2.477, 4
T6s, 0.1352, 0.0004277, 3.063, 4
T7o, -0.1478, -0.0004674, 2.661, 4
T7s, 0.2514, 0.0007949, 3.206, 4
T8o, -0.001155, -3.652e-06, 2.875, 4
T8s, 0.3444, 0.001089, 3.311, 4
T9o, 0.1392, 0.0004401, 3.052, 4
T9s, 0.4821, 0.001525, 3.453, 4
TT, 0.7513, 0.002376, 3.765, 4
HandType, Income Rate, Error, SD, Iteration
32o, -0.4384, -0.001386, 2.235, 5
22, 0.2064, 0.0006529, 3.247, 5
32s, -0.09272, -0.0002932, 2.819, 5
33, 0.1973, 0.0006239, 3.230, 5
42o, -0.3962, -0.001253, 2.308, 5
42s, -0.02438, -7.710e-05, 2.908, 5
43o, -0.3129, -0.0009894, 2.443, 5
43s, 0.03938, 0.0001245, 2.983, 5
44, 0.2328, 0.0007363, 3.264, 5
52o, -0.3623, -0.001146, 2.355, 5
52s, -0.02152, -6.805e-05, 2.901, 5
53o, -0.2626, -0.0008305, 2.522, 5
53s, 0.08286, 0.0002620, 3.031, 5
54o, -0.1680, -0.0005314, 2.663, 5
54s, 0.1738, 0.0005497, 3.135, 5
55, 0.2370, 0.0007494, 3.261, 5
62o, -0.4533, -0.001434, 2.185, 5
62s, -0.09725, -0.0003075, 2.804, 5
63o, -0.3473, -0.001098, 2.379, 5
63s, 0.003678, 1.163e-05, 2.932, 5
64o, -0.2570, -0.0008127, 2.523, 5
64s, 0.09425, 0.0002980, 3.048, 5
65o, -0.1614, -0.0005103, 2.666, 5
65s, 0.2057, 0.0006505, 3.173, 5
72o, -0.5211, -0.001648, 2.037, 5
66, 0.3052, 0.0009650, 3.339, 5
72s, -0.1442, -0.0004560, 2.727, 5
73o, -0.4100, -0.001297, 2.256, 5
73s, -0.06818, -0.0002156, 2.828, 5
74o, -0.3104, -0.0009816, 2.428, 5
74s, 0.05122, 0.0001620, 2.986, 5
75o, -0.1817, -0.0005746, 2.633, 5
75s, 0.1655, 0.0005234, 3.124, 5
76o, -0.1134, -0.0003586, 2.738, 5
76s, 0.2454, 0.0007761, 3.215, 5
77, 0.3655, 0.001156, 3.405, 5
82o, -0.4982, -0.001575, 2.085, 5
82s, -0.1243, -0.0003930, 2.757, 5
83o, -0.4737, -0.001498, 2.119, 5
83s, -0.09868, -0.0003121, 2.783, 5
84o, -0.3805, -0.001203, 2.301, 5
84s, -0.02532, -8.006e-05, 2.879, 5
85o, -0.2620, -0.0008284, 2.499, 5
85s, 0.09763, 0.0003087, 3.041, 5
86o, -0.1696, -0.0005364, 2.645, 5
86s, 0.2165, 0.0006847, 3.181, 5
87o, -0.07645, -0.0002418, 2.788, 5
87s, 0.2829, 0.0008946, 3.254, 5
88, 0.4412, 0.001395, 3.484, 5
92o, -0.4688, -0.001483, 2.141, 5
92s, -0.08031, -0.0002540, 2.819, 5
93o, -0.4531, -0.001433, 2.155, 5
93s, -0.07628, -0.0002412, 2.814, 5
94o, -0.4368, -0.001381, 2.181, 5
94s, -0.05610, -0.0001774, 2.830, 5
95o, -0.3388, -0.001071, 2.359, 5
95s, 0.03777, 0.0001194, 2.950, 5
96o, -0.2199, -0.0006955, 2.565, 5
96s, 0.1578, 0.0004989, 3.102, 5
97o, -0.1065, -0.0003367, 2.740, 5
97s, 0.2458, 0.0007774, 3.213, 5
98o, -0.03108, -9.829e-05, 2.845, 5
98s, 0.3552, 0.001123, 3.330, 5
99, 0.5488, 0.001735, 3.593, 5
A2o, -0.08916, -0.0002819, 2.794, 5
A2s, 0.3414, 0.001080, 3.343, 5
A3o, -0.04551, -0.0001439, 2.843, 5
A3s, 0.3740, 0.001183, 3.365, 5
A4o, -0.01133, -3.583e-05, 2.870, 5
A4s, 0.4069, 0.001287, 3.386, 5
A5o, 0.02868, 9.070e-05, 2.913, 5
A5s, 0.4530, 0.001433, 3.425, 5
A6o, -0.03672, -0.0001161, 2.826, 5
A6s, 0.3986, 0.001260, 3.371, 5
A7o, 0.01160, 3.668e-05, 2.893, 5
A7s, 0.4038, 0.001277, 3.373, 5
A8o, 0.04992, 0.0001578, 2.942, 5
A8s, 0.4699, 0.001486, 3.440, 5
A9o, 0.1212, 0.0003832, 3.035, 5
A9s, 0.5424, 0.001715, 3.511, 5
AA, 2.087, 0.006601, 4.607, 5
AJo, 0.4042, 0.001278, 3.363, 5
AJs, 0.7785, 0.002462, 3.725, 5
AKo, 0.6143, 0.001943, 3.576, 5
AKs, 0.9903, 0.003132, 3.905, 5
AQo, 0.4967, 0.001571, 3.468, 5
AQs, 0.8206, 0.002595, 3.768, 5
ATo, 0.3001, 0.0009489, 3.247, 5
ATs, 0.7164, 0.002266, 3.667, 5
J2o, -0.3756, -0.001188, 2.323, 5
J2s, 0.02629, 8.313e-05, 2.962, 5
J3o, -0.3587, -0.001134, 2.338, 5
J3s, 0.06004, 0.0001899, 2.993, 5
J4o, -0.3412, -0.001079, 2.350, 5
J4s, 0.06485, 0.0002051, 2.989, 5
J5o, -0.3163, -0.001000, 2.379, 5
J5s, 0.09081, 0.0002872, 3.011, 5
J6o, -0.2854, -0.0009025, 2.436, 5
J6s, 0.1298, 0.0004106, 3.062, 5
J7o, -0.1690, -0.0005345, 2.631, 5
J8o, -0.05992, -0.0001895, 2.793, 5
J7s, 0.2177, 0.0006885, 3.166, 5
J9o, 0.08194, 0.0002591, 2.987, 5
J8s, 0.3188, 0.001008, 3.285, 5
J9s, 0.4403, 0.001392, 3.414, 5
JJ, 0.9393, 0.002970, 3.926, 5
JTo, 0.2952, 0.0009335, 3.231, 5
JTs, 0.6511, 0.002059, 3.609, 5
K2o, -0.2379, -0.0007522, 2.575, 5
K2s, 0.1732, 0.0005477, 3.156, 5
K3o, -0.2233, -0.0007061, 2.579, 5
K3s, 0.2097, 0.0006633, 3.184, 5
K4o, -0.2026, -0.0006405, 2.594, 5
K4s, 0.2207, 0.0006980, 3.182, 5
K5o, -0.1600, -0.0005058, 2.649, 5
K5s, 0.2626, 0.0008303, 3.221, 5
K6o, -0.1358, -0.0004294, 2.684, 5
K6s, 0.2891, 0.0009143, 3.250, 5
K7o, -0.1081, -0.0003419, 2.719, 5
K7s, 0.3288, 0.001040, 3.294, 5
K8o, -0.06249, -0.0001976, 2.795, 5
K8s, 0.3677, 0.001163, 3.335, 5
K9o, 0.06904, 0.0002183, 2.974, 5
K9s, 0.4805, 0.001519, 3.457, 5
KJo, 0.3633, 0.001149, 3.325, 5
KJs, 0.7425, 0.002348, 3.696, 5
KK, 1.594, 0.005042, 4.367, 5
KQo, 0.4470, 0.001414, 3.412, 5
KQs, 0.8153, 0.002578, 3.762, 5
KTo, 0.2952, 0.0009336, 3.236, 5
KTs, 0.6881, 0.002176, 3.651, 5
Q2o, -0.3160, -0.0009993, 2.436, 5
Q2s, 0.09733, 0.0003078, 3.058, 5
Q3o, -0.3204, -0.001013, 2.415, 5
Q3s, 0.1319, 0.0004172, 3.089, 5
Q4o, -0.2704, -0.0008550, 2.482, 5
Q4s, 0.1381, 0.0004367, 3.083, 5
Q5o, -0.2517, -0.0007960, 2.503, 5
Q5s, 0.1583, 0.0005006, 3.098, 5
Q6o, -0.2148, -0.0006792, 2.555, 5
Q7o, -0.1761, -0.0005568, 2.616, 5
Q6s, 0.1912, 0.0006047, 3.137, 5
Q7s, 0.2360, 0.0007463, 3.188, 5
Q8o, -0.08475, -0.0002680, 2.758, 5
Q8s, 0.3018, 0.0009543, 3.267, 5
Q9o, 0.06533, 0.0002066, 2.970, 5
Q9s, 0.4444, 0.001405, 3.418, 5
QJo, 0.3555, 0.001124, 3.310, 5
QJs, 0.6987, 0.002209, 3.658, 5
QQ, 1.233, 0.003899, 4.144, 5
QTo, 0.2758, 0.0008720, 3.216, 5
QTs, 0.6740, 0.002131, 3.632, 5
T2o, -0.4084, -0.001292, 2.249, 5
T2s, -0.01974, -6.241e-05, 2.892, 5
T3o, -0.4035, -0.001276, 2.244, 5
T3s, -0.005328, -1.685e-05, 2.902, 5
T4o, -0.3783, -0.001196, 2.275, 5
T4s, 0.01088, 3.440e-05, 2.910, 5
T5o, -0.3495, -0.001105, 2.317, 5
T5s, 0.04209, 0.0001331, 2.941, 5
T6o, -0.2500, -0.0007907, 2.492, 5
T6s, 0.1223, 0.0003867, 3.048, 5
T7o, -0.1269, -0.0004014, 2.692, 5
T7s, 0.2255, 0.0007132, 3.176, 5
T8o, -0.01681, -5.317e-05, 2.851, 5
T8s, 0.3633, 0.001149, 3.326, 5
T9o, 0.1339, 0.0004234, 3.047, 5
T9s, 0.4754, 0.001503, 3.442, 5
TT, 0.7283, 0.002303, 3.748, 5
HandType, Income Rate, Error, SD, Iteration
32o, -0.4413, -0.001396, 2.229, 6
22, 0.1915, 0.0006057, 3.229, 6
32s, -0.09005, -0.0002848, 2.827, 6
33, 0.1835, 0.0005803, 3.214, 6
42o, -0.3918, -0.001239, 2.307, 6
42s, -0.03665, -0.0001159, 2.888, 6
43o, -0.3088, -0.0009766, 2.449, 6
43s, 0.03774, 0.0001194, 2.981, 6
44, 0.2374, 0.0007508, 3.270, 6
52o, -0.3649, -0.001154, 2.344, 6
52s, -0.002722, -8.608e-06, 2.928, 6
53o, -0.2616, -0.0008273, 2.517, 6
53s, 0.1004, 0.0003175, 3.055, 6
54o, -0.1739, -0.0005499, 2.645, 6
54s, 0.1689, 0.0005341, 3.133, 6
55, 0.2479, 0.0007840, 3.276, 6
62o, -0.4687, -0.001482, 2.158, 6
62s, -0.1118, -0.0003534, 2.780, 6
63s, 0.01860, 5.882e-05, 2.954, 6
63o, -0.3508, -0.001109, 2.371, 6
64o, -0.2430, -0.0007685, 2.550, 6
64s, 0.1285, 0.0004062, 3.083, 6
65o, -0.1521, -0.0004810, 2.685, 6
65s, 0.1868, 0.0005906, 3.151, 6
66, 0.2956, 0.0009347, 3.329, 6
72o, -0.5372, -0.001699, 2.001, 6
72s, -0.1440, -0.0004552, 2.729, 6
73o, -0.4328, -0.001369, 2.214, 6
73s, -0.05272, -0.0001667, 2.851, 6
74o, -0.3132, -0.0009905, 2.425, 6
74s, 0.03139, 9.926e-05, 2.962, 6
75o, -0.1922, -0.0006078, 2.621, 6
75s, 0.1499, 0.0004741, 3.102, 6
76o, -0.1064, -0.0003365, 2.745, 6
76s, 0.2362, 0.0007469, 3.205, 6
77, 0.3464, 0.001095, 3.385, 6
82o, -0.5016, -0.001586, 2.071, 6
82s, -0.1064, -0.0003366, 2.781, 6
83o, -0.4736, -0.001498, 2.126, 6
83s, -0.1117, -0.0003533, 2.763, 6
84o, -0.3725, -0.001178, 2.310, 6
84s, -0.02247, -7.105e-05, 2.888, 6
85o, -0.2708, -0.0008563, 2.488, 6
85s, 0.1137, 0.0003594, 3.052, 6
86o, -0.1600, -0.0005061, 2.662, 6
86s, 0.1983, 0.0006272, 3.159, 6
87o, -0.06724, -0.0002126, 2.802, 6
87s, 0.2935, 0.0009280, 3.265, 6
88, 0.4527, 0.001431, 3.495, 6
92o, -0.4784, -0.001513, 2.125, 6
92s, -0.08205, -0.0002595, 2.819, 6
93o, -0.4587, -0.001450, 2.149, 6
93s, -0.07790, -0.0002463, 2.812, 6
94o, -0.4255, -0.001345, 2.202, 6
94s, -0.04153, -0.0001313, 2.851, 6
95o, -0.3432, -0.001085, 2.346, 6
95s, 0.03570, 0.0001129, 2.949, 6
96o, -0.2026, -0.0006406, 2.585, 6
96s, 0.1676, 0.0005300, 3.118, 6
97o, -0.1179, -0.0003727, 2.724, 6
97s, 0.2464, 0.0007792, 3.209, 6
98o, -0.01731, -5.473e-05, 2.868, 6
98s, 0.3584, 0.001133, 3.331, 6
99, 0.5516, 0.001744, 3.594, 6
A2o, -0.09662, -0.0003055, 2.784, 6
A2s, 0.3591, 0.001136, 3.361, 6
A3o, -0.03884, -0.0001228, 2.850, 6
A3s, 0.3837, 0.001213, 3.372, 6
A4o, -0.008953, -2.831e-05, 2.878, 6
A4s, 0.4090, 0.001293, 3.387, 6
A5o, 0.03090, 9.771e-05, 2.917, 6
A5s, 0.4454, 0.001408, 3.415, 6
A6o, -0.03410, -0.0001078, 2.828, 6
A6s, 0.3834, 0.001213, 3.353, 6
A7o, 0.01089, 3.445e-05, 2.889, 6
A7s, 0.4384, 0.001386, 3.407, 6
A8o, 0.06468, 0.0002045, 2.963, 6
A8s, 0.4754, 0.001503, 3.447, 6
A9o, 0.1011, 0.0003197, 3.010, 6
A9s, 0.5390, 0.001704, 3.512, 6
AA, 2.099, 0.006637, 4.612, 6
AJo, 0.3893, 0.001231, 3.348, 6
AJs, 0.7774, 0.002458, 3.726, 6
AKo, 0.6339, 0.002005, 3.596, 6
AKs, 0.9790, 0.003096, 3.892, 6
AQo, 0.4910, 0.001553, 3.456, 6
AQs, 0.8681, 0.002745, 3.803, 6
ATo, 0.3166, 0.001001, 3.266, 6
ATs, 0.7117, 0.002251, 3.664, 6
J2o, -0.3723, -0.001177, 2.330, 6
J2s, 0.01020, 3.226e-05, 2.941, 6
J3o, -0.3649, -0.001154, 2.324, 6
J3s, 0.02992, 9.460e-05, 2.955, 6
J4o, -0.3424, -0.001083, 2.351, 6
J4s, 0.06003, 0.0001898, 2.983, 6
J5o, -0.3088, -0.0009766, 2.392, 6
J5s, 0.09890, 0.0003128, 3.021, 6
J6o, -0.2923, -0.0009244, 2.420, 6
J6s, 0.1149, 0.0003632, 3.037, 6
J7o, -0.1711, -0.0005410, 2.630, 6
J7s, 0.2146, 0.0006787, 3.165, 6
J8o, -0.04901, -0.0001550, 2.810, 6
J8s, 0.3177, 0.001005, 3.284, 6
J9o, 0.09719, 0.0003073, 3.007, 6
J9s, 0.4478, 0.001416, 3.418, 6
JJ, 0.9183, 0.002904, 3.910, 6
JTo, 0.2897, 0.0009160, 3.230, 6
JTs, 0.6301, 0.001992, 3.588, 6
K2o, -0.2459, -0.0007778, 2.557, 6
K2s, 0.1905, 0.0006025, 3.173, 6
K3o, -0.2179, -0.0006890, 2.590, 6
K3s, 0.2051, 0.0006485, 3.180, 6
K4o, -0.1936, -0.0006121, 2.610, 6
K4s, 0.2262, 0.0007152, 3.192, 6
K5o, -0.1756, -0.0005552, 2.623, 6
K5s, 0.2515, 0.0007954, 3.208, 6
K6o, -0.1348, -0.0004262, 2.681, 6
K6s, 0.2740, 0.0008666, 3.236, 6
K7o, -0.09065, -0.0002867, 2.750, 6
K7s, 0.3228, 0.001021, 3.290, 6
K8o, -0.05238, -0.0001656, 2.806, 6
K8s, 0.3570, 0.001129, 3.328, 6
K9o, 0.08363, 0.0002645, 2.993, 6
K9s, 0.4895, 0.001548, 3.463, 6
KJo, 0.3778, 0.001195, 3.335, 6
KJs, 0.7317, 0.002314, 3.687, 6
KK, 1.601, 0.005063, 4.370, 6
KQo, 0.4438, 0.001403, 3.408, 6
KQs, 0.7962, 0.002518, 3.747, 6
KTo, 0.2835, 0.0008964, 3.227, 6
KTs, 0.6772, 0.002141, 3.636, 6
Q2o, -0.3223, -0.001019, 2.425, 6
Q2s, 0.09108, 0.0002880, 3.054, 6
Q3o, -0.2984, -0.0009437, 2.454, 6
Q3s, 0.1148, 0.0003631, 3.069, 6
Q4o, -0.2781, -0.0008794, 2.471, 6
Q4s, 0.1553, 0.0004910, 3.107, 6
Q5o, -0.2670, -0.0008442, 2.476, 6
Q5s, 0.1686, 0.0005333, 3.113, 6
Q6o, -0.2313, -0.0007315, 2.530, 6
Q6s, 0.1643, 0.0005194, 3.106, 6
Q7o, -0.1878, -0.0005938, 2.602, 6
Q7s, 0.2072, 0.0006553, 3.152, 6
Q8o, -0.07138, -0.0002257, 2.779, 6
Q8s, 0.3306, 0.001045, 3.295, 6
Q9o, 0.05638, 0.0001783, 2.959, 6
Q9s, 0.4479, 0.001417, 3.422, 6
QJo, 0.3393, 0.001073, 3.296, 6
QJs, 0.6851, 0.002167, 3.645, 6
QQ, 1.213, 0.003835, 4.130, 6
QTo, 0.2494, 0.0007888, 3.190, 6
QTs, 0.6668, 0.002109, 3.624, 6
T2o, -0.4289, -0.001356, 2.212, 6
T2s, -0.03818, -0.0001207, 2.871, 6
T3o, -0.4020, -0.001271, 2.247, 6
T3s, -0.01483, -4.691e-05, 2.886, 6
T4o, -0.3780, -0.001195, 2.272, 6
T4s, 0.02731, 8.635e-05, 2.934, 6
T5o, -0.3490, -0.001104, 2.319, 6
T5s, 0.04601, 0.0001455, 2.949, 6
T6o, -0.2395, -0.0007574, 2.515, 6
T6s, 0.1379, 0.0004360, 3.070, 6
T7o, -0.1178, -0.0003724, 2.708, 6
T7s, 0.2380, 0.0007527, 3.190, 6
T8o, 0.0001376, 4.351e-07, 2.875, 6
T8s, 0.3590, 0.001135, 3.324, 6
T9o, 0.1351, 0.0004273, 3.054, 6
T9s, 0.4796, 0.001517, 3.451, 6
TT, 0.7173, 0.002268, 3.738, 6
HandType, Income Rate, Error, SD, Iteration
32o, -0.4358, -0.001378, 2.241, 7
22, 0.1902, 0.0006016, 3.229, 7
32s, -0.08547, -0.0002703, 2.831, 7
33, 0.2006, 0.0006343, 3.233, 7
42o, -0.3957, -0.001251, 2.303, 7
42s, -0.05734, -0.0001813, 2.862, 7
43o, -0.3072, -0.0009714, 2.455, 7
43s, 0.02848, 9.005e-05, 2.973, 7
44, 0.2175, 0.0006879, 3.245, 7
52o, -0.3723, -0.001177, 2.338, 7
52s, -0.009515, -3.009e-05, 2.919, 7
53o, -0.2498, -0.0007900, 2.535, 7
54o, -0.1697, -0.0005367, 2.655, 7
53s, 0.08430, 0.0002666, 3.037, 7
54s, 0.1660, 0.0005249, 3.130, 7
55, 0.2409, 0.0007616, 3.268, 7
62o, -0.4702, -0.001487, 2.157, 7
62s, -0.08783, -0.0002777, 2.816, 7
63s, 0.01022, 3.231e-05, 2.942, 7
63o, -0.3527, -0.001115, 2.365, 7
64o, -0.2443, -0.0007726, 2.545, 7
64s, 0.1008, 0.0003187, 3.053, 7
65o, -0.1406, -0.0004445, 2.694, 7
65s, 0.2146, 0.0006786, 3.182, 7
66, 0.3098, 0.0009797, 3.345, 7
72o, -0.5206, -0.001646, 2.037, 7
72s, -0.1592, -0.0005034, 2.702, 7
73o, -0.4160, -0.001316, 2.244, 7
73s, -0.05289, -0.0001673, 2.851, 7
74o, -0.3044, -0.0009626, 2.442, 7
74s, 0.06000, 0.0001897, 2.999, 7
75o, -0.1868, -0.0005908, 2.624, 7
75s, 0.1258, 0.0003978, 3.069, 7
76o, -0.1164, -0.0003681, 2.730, 7
76s, 0.2343, 0.0007408, 3.203, 7
77, 0.3777, 0.001194, 3.419, 7
82o, -0.5079, -0.001606, 2.062, 7
82s, -0.1151, -0.0003641, 2.765, 7
83o, -0.4929, -0.001559, 2.078, 7
83s, -0.1012, -0.0003199, 2.780, 7
84o, -0.3789, -0.001198, 2.300, 7
84s, -0.01870, -5.913e-05, 2.891, 7
85o, -0.2595, -0.0008206, 2.507, 7
85s, 0.1009, 0.0003190, 3.035, 7
86o, -0.1629, -0.0005152, 2.658, 7
86s, 0.1902, 0.0006014, 3.150, 7
87o, -0.06223, -0.0001968, 2.805, 7
87s, 0.2890, 0.0009140, 3.264, 7
88, 0.4545, 0.001437, 3.499, 7
92o, -0.4690, -0.001483, 2.146, 7
92s, -0.09994, -0.0003160, 2.794, 7
93o, -0.4466, -0.001412, 2.173, 7
93s, -0.07040, -0.0002226, 2.821, 7
94o, -0.4364, -0.001380, 2.179, 7
94s, -0.05469, -0.0001729, 2.833, 7
95o, -0.3325, -0.001051, 2.370, 7
95s, 0.05302, 0.0001677, 2.972, 7
96o, -0.2163, -0.0006841, 2.571, 7
96s, 0.1505, 0.0004758, 3.099, 7
97o, -0.09779, -0.0003093, 2.751, 7
97s, 0.2672, 0.0008449, 3.233, 7
98o, -0.01119, -3.538e-05, 2.876, 7
98s, 0.3586, 0.001134, 3.332, 7
99, 0.5579, 0.001764, 3.599, 7
A2o, -0.09761, -0.0003087, 2.785, 7
A2s, 0.3471, 0.001098, 3.351, 7
A3o, -0.05516, -0.0001744, 2.830, 7
A3s, 0.3943, 0.001247, 3.386, 7
A4o, -0.006554, -2.073e-05, 2.880, 7
A4s, 0.4019, 0.001271, 3.382, 7
A5o, 0.03249, 0.0001028, 2.920, 7
A5s, 0.4397, 0.001390, 3.410, 7
A6o, -0.04723, -0.0001493, 2.810, 7
A6s, 0.3996, 0.001264, 3.368, 7
A7o, 0.002690, 8.506e-06, 2.880, 7
A7s, 0.4445, 0.001406, 3.416, 7
A8o, 0.05477, 0.0001732, 2.949, 7
A8s, 0.4661, 0.001474, 3.439, 7
A9o, 0.1176, 0.0003720, 3.035, 7
A9s, 0.5379, 0.001701, 3.510, 7
AA, 2.081, 0.006582, 4.605, 7
AJo, 0.4066, 0.001286, 3.366, 7
AJs, 0.7911, 0.002502, 3.740, 7
AKo, 0.6172, 0.001952, 3.584, 7
AKs, 1.003, 0.003172, 3.911, 7
AQo, 0.4861, 0.001537, 3.454, 7
AQs, 0.8880, 0.002808, 3.822, 7
ATo, 0.3251, 0.001028, 3.275, 7
J2o, -0.3894, -0.001231, 2.295, 7
ATs, 0.7239, 0.002289, 3.681, 7
J2s, 0.03245, 0.0001026, 2.967, 7
J3o, -0.3612, -0.001142, 2.334, 7
J3s, 0.03115, 9.850e-05, 2.955, 7
J4o, -0.3231, -0.001022, 2.386, 7
J5o, -0.3236, -0.001023, 2.368, 7
J4s, 0.05164, 0.0001633, 2.969, 7
J5s, 0.09598, 0.0003035, 3.017, 7
J6o, -0.2957, -0.0009350, 2.418, 7
J7o, -0.1808, -0.0005718, 2.614, 7
J6s, 0.1135, 0.0003588, 3.042, 7
J7s, 0.2183, 0.0006903, 3.170, 7
J8o, -0.05681, -0.0001797, 2.804, 7
J8s, 0.3446, 0.001090, 3.309, 7
J9o, 0.07505, 0.0002373, 2.976, 7
J9s, 0.4762, 0.001506, 3.447, 7
JJ, 0.9114, 0.002882, 3.905, 7
JTo, 0.2969, 0.0009387, 3.238, 7
JTs, 0.6597, 0.002086, 3.613, 7
K2o, -0.2420, -0.0007651, 2.564, 7
K2s, 0.1774, 0.0005610, 3.159, 7
K3o, -0.2359, -0.0007460, 2.553, 7
K3s, 0.2095, 0.0006625, 3.186, 7
K4o, -0.1930, -0.0006104, 2.612, 7
K4s, 0.2303, 0.0007284, 3.191, 7
K5o, -0.1598, -0.0005055, 2.649, 7
K5s, 0.2452, 0.0007755, 3.201, 7
K6o, -0.1263, -0.0003994, 2.692, 7
K6s, 0.2889, 0.0009137, 3.247, 7
K7o, -0.1062, -0.0003359, 2.724, 7
K7s, 0.3287, 0.001039, 3.293, 7
K8o, -0.05025, -0.0001589, 2.813, 7
K8s, 0.3596, 0.001137, 3.327, 7
K9o, 0.07624, 0.0002411, 2.987, 7
K9s, 0.4969, 0.001571, 3.475, 7
KJo, 0.3628, 0.001147, 3.318, 7
KJs, 0.7178, 0.002270, 3.676, 7
KK, 1.592, 0.005033, 4.367, 7
KQo, 0.4614, 0.001459, 3.423, 7
KQs, 0.8276, 0.002617, 3.773, 7
KTo, 0.2908, 0.0009196, 3.233, 7
KTs, 0.6654, 0.002104, 3.623, 7
Q2o, -0.3199, -0.001012, 2.433, 7
Q2s, 0.09891, 0.0003128, 3.059, 7
Q3o, -0.2927, -0.0009255, 2.457, 7
Q3s, 0.1272, 0.0004023, 3.084, 7
Q4o, -0.2597, -0.0008214, 2.500, 7
Q4s, 0.1415, 0.0004475, 3.086, 7
Q5o, -0.2448, -0.0007741, 2.510, 7
Q5s, 0.1651, 0.0005220, 3.107, 7
Q6o, -0.2180, -0.0006893, 2.556, 7
Q6s, 0.1773, 0.0005607, 3.117, 7
Q7o, -0.1895, -0.0005993, 2.596, 7
Q7s, 0.2138, 0.0006762, 3.160, 7
Q8o, -0.07384, -0.0002335, 2.776, 7
Q8s, 0.3203, 0.001013, 3.286, 7
Q9o, 0.04542, 0.0001436, 2.945, 7
Q9s, 0.4605, 0.001456, 3.436, 7
QJo, 0.3514, 0.001111, 3.307, 7
QJs, 0.7107, 0.002247, 3.667, 7
QQ, 1.245, 0.003937, 4.151, 7
QTo, 0.2812, 0.0008892, 3.222, 7
QTs, 0.6586, 0.002083, 3.617, 7
T2o, -0.4167, -0.001318, 2.233, 7
T2s, -0.01843, -5.827e-05, 2.891, 7
T3o, -0.3966, -0.001254, 2.255, 7
T3s, 0.003098, 9.798e-06, 2.910, 7
T4o, -0.3728, -0.001179, 2.288, 7
T4s, 0.01402, 4.434e-05, 2.913, 7
T5o, -0.3646, -0.001153, 2.287, 7
T5s, 0.02592, 8.196e-05, 2.918, 7
T6o, -0.2503, -0.0007915, 2.495, 7
T6s, 0.1288, 0.0004074, 3.057, 7
T7o, -0.1216, -0.0003844, 2.700, 7
T7s, 0.2564, 0.0008107, 3.211, 7
T8o, -0.01620, -5.123e-05, 2.852, 7
T8s, 0.3670, 0.001161, 3.331, 7
T9o, 0.1290, 0.0004081, 3.044, 7
T9s, 0.4801, 0.001518, 3.447, 7
TT, 0.6898, 0.002181, 3.712, 7
HandType, Income Rate, Error, SD, Iteration
32o, -0.4264, -0.001348, 2.257, 8
22, 0.2114, 0.0006686, 3.254, 8
32s, -0.1001, -0.0003165, 2.811, 8
33, 0.2035, 0.0006436, 3.238, 8
42o, -0.3996, -0.001264, 2.298, 8
42s, -0.04510, -0.0001426, 2.878, 8
43o, -0.3119, -0.0009864, 2.446, 8
43s, 0.04061, 0.0001284, 2.989, 8
52o, -0.3653, -0.001155, 2.351, 8
44, 0.2221, 0.0007022, 3.253, 8
52s, -0.01369, -4.328e-05, 2.915, 8
53o, -0.2611, -0.0008258, 2.523, 8
54o, -0.1783, -0.0005637, 2.647, 8
53s, 0.09674, 0.0003059, 3.050, 8
55, 0.2354, 0.0007443, 3.259, 8
54s, 0.1731, 0.0005474, 3.136, 8
62o, -0.4501, -0.001423, 2.192, 8
62s, -0.1008, -0.0003186, 2.792, 8
63s, 0.006623, 2.094e-05, 2.939, 8
63o, -0.3482, -0.001101, 2.373, 8
64o, -0.2403, -0.0007599, 2.553, 8
64s, 0.1054, 0.0003333, 3.058, 8
65o, -0.1519, -0.0004804, 2.682, 8
65s, 0.2129, 0.0006733, 3.180, 8
66, 0.2936, 0.0009285, 3.326, 8
72o, -0.5103, -0.001614, 2.057, 8
72s, -0.1652, -0.0005223, 2.694, 8
73o, -0.4129, -0.001306, 2.248, 8
73s, -0.06507, -0.0002058, 2.835, 8
74o, -0.3052, -0.0009652, 2.440, 8
74s, 0.05484, 0.0001734, 2.990, 8
75o, -0.2114, -0.0006685, 2.585, 8
75s, 0.1315, 0.0004157, 3.079, 8
76o, -0.1267, -0.0004006, 2.719, 8
76s, 0.2257, 0.0007137, 3.187, 8
77, 0.3754, 0.001187, 3.417, 8
82o, -0.5062, -0.001601, 2.071, 8
82s, -0.1093, -0.0003456, 2.778, 8
83o, -0.4778, -0.001511, 2.111, 8
83s, -0.1265, -0.0004002, 2.737, 8
84o, -0.3972, -0.001256, 2.269, 8
84s, -0.002813, -8.895e-06, 2.912, 8
85o, -0.2756, -0.0008717, 2.476, 8
85s, 0.08899, 0.0002814, 3.023, 8
86o, -0.1744, -0.0005516, 2.639, 8
86s, 0.1931, 0.0006107, 3.151, 8
87o, -0.07707, -0.0002437, 2.782, 8
87s, 0.2696, 0.0008526, 3.239, 8
88, 0.4509, 0.001426, 3.493, 8
92o, -0.4743, -0.001500, 2.133, 8
92s, -0.07910, -0.0002502, 2.822, 8
93o, -0.4426, -0.001400, 2.182, 8
93s, -0.03807, -0.0001204, 2.868, 8
94o, -0.4306, -0.001362, 2.191, 8
94s, -0.06157, -0.0001947, 2.826, 8
95o, -0.3238, -0.001024, 2.382, 8
95s, 0.04660, 0.0001474, 2.964, 8
96o, -0.2272, -0.0007186, 2.549, 8
97o, -0.1133, -0.0003583, 2.735, 8
96s, 0.1568, 0.0004958, 3.106, 8
97s, 0.2629, 0.0008314, 3.228, 8
98o, -0.01377, -4.353e-05, 2.873, 8
98s, 0.3499, 0.001106, 3.327, 8
99, 0.5524, 0.001747, 3.594, 8
A2o, -0.1087, -0.0003436, 2.765, 8
A2s, 0.3359, 0.001062, 3.337, 8
A3o, -0.05372, -0.0001699, 2.829, 8
A3s, 0.3831, 0.001211, 3.377, 8
A4o, -0.01725, -5.456e-05, 2.864, 8
A4s, 0.4180, 0.001322, 3.395, 8
A5o, 0.001879, 5.943e-06, 2.875, 8
A5s, 0.4364, 0.001380, 3.405, 8
A6o, -0.03200, -0.0001012, 2.829, 8
A6s, 0.4089, 0.001293, 3.380, 8
A7o, 0.001547, 4.893e-06, 2.875, 8
A7s, 0.4290, 0.001356, 3.396, 8
A8o, 0.04422, 0.0001398, 2.934, 8
A8s, 0.4897, 0.001548, 3.463, 8
A9o, 0.09331, 0.0002951, 3.005, 8
A9s, 0.5235, 0.001655, 3.498, 8
AA, 2.114, 0.006685, 4.619, 8
AJo, 0.4137, 0.001308, 3.375, 8
AJs, 0.7650, 0.002419, 3.714, 8
AKo, 0.6499, 0.002055, 3.611, 8
AKs, 0.9816, 0.003104, 3.893, 8
AQo, 0.5083, 0.001607, 3.470, 8
AQs, 0.8442, 0.002670, 3.787, 8
ATo, 0.3296, 0.001042, 3.281, 8
ATs, 0.7347, 0.002323, 3.686, 8
J2o, -0.3799, -0.001201, 2.314, 8
J2s, 0.01691, 5.349e-05, 2.945, 8
J3o, -0.3691, -0.001167, 2.316, 8
J3s, 0.05561, 0.0001759, 2.990, 8
J4o, -0.3160, -0.0009991, 2.395, 8
J4s, 0.07073, 0.0002237, 2.997, 8
J5o, -0.3139, -0.0009927, 2.390, 8
J5s, 0.09366, 0.0002962, 3.016, 8
J6o, -0.2735, -0.0008650, 2.455, 8
J6s, 0.1239, 0.0003919, 3.044, 8
J7o, -0.1686, -0.0005331, 2.634, 8
J7s, 0.2174, 0.0006874, 3.165, 8
J8o, -0.04706, -0.0001488, 2.809, 8
J8s, 0.3523, 0.001114, 3.321, 8
J9o, 0.08905, 0.0002816, 2.999, 8
J9s, 0.4586, 0.001450, 3.430, 8
JJ, 0.9363, 0.002961, 3.924, 8
JTo, 0.2914, 0.0009214, 3.234, 8
JTs, 0.6396, 0.002022, 3.600, 8
K2o, -0.2488, -0.0007866, 2.557, 8
K2s, 0.1906, 0.0006028, 3.176, 8
K3o, -0.2261, -0.0007149, 2.571, 8
K3s, 0.1989, 0.0006290, 3.171, 8
K4o, -0.1870, -0.0005914, 2.620, 8
K4s, 0.2522, 0.0007975, 3.223, 8
K5o, -0.1556, -0.0004921, 2.653, 8
K5s, 0.2591, 0.0008192, 3.219, 8
K6o, -0.1445, -0.0004569, 2.670, 8
K6s, 0.2714, 0.0008581, 3.229, 8
K7o, -0.09666, -0.0003057, 2.738, 8
K7s, 0.3036, 0.0009602, 3.264, 8
K8o, -0.05001, -0.0001581, 2.809, 8
K8s, 0.3406, 0.001077, 3.307, 8
K9o, 0.08991, 0.0002843, 2.999, 8
K9s, 0.4793, 0.001516, 3.456, 8
KJo, 0.3849, 0.001217, 3.345, 8
KJs, 0.7241, 0.002290, 3.682, 8
KK, 1.603, 0.005068, 4.372, 8
KQo, 0.4747, 0.001501, 3.444, 8
KQs, 0.7995, 0.002528, 3.748, 8
KTo, 0.2856, 0.0009031, 3.230, 8
KTs, 0.6587, 0.002083, 3.622, 8
Q2o, -0.3300, -0.001043, 2.414, 8
Q2s, 0.09204, 0.0002911, 3.050, 8
Q3o, -0.3026, -0.0009569, 2.444, 8
Q3s, 0.1165, 0.0003684, 3.069, 8
Q4o, -0.2655, -0.0008397, 2.491, 8
Q4s, 0.1399, 0.0004425, 3.087, 8
Q5o, -0.2591, -0.0008195, 2.487, 8
Q5s, 0.1622, 0.0005128, 3.103, 8
Q6o, -0.2264, -0.0007160, 2.536, 8
Q6s, 0.1937, 0.0006126, 3.140, 8
Q7o, -0.1901, -0.0006011, 2.593, 8
Q7s, 0.2214, 0.0007002, 3.171, 8
Q8o, -0.08363, -0.0002645, 2.767, 8
Q8s, 0.3280, 0.001037, 3.295, 8
Q9o, 0.07256, 0.0002295, 2.976, 8
Q9s, 0.4598, 0.001454, 3.433, 8
QJo, 0.3374, 0.001067, 3.289, 8
QJs, 0.7230, 0.002286, 3.676, 8
QQ, 1.217, 0.003848, 4.133, 8
QTo, 0.2771, 0.0008762, 3.216, 8
QTs, 0.6523, 0.002063, 3.608, 8
T2o, -0.4254, -0.001345, 2.218, 8
T2s, -0.008477, -2.681e-05, 2.910, 8
T3o, -0.4064, -0.001285, 2.239, 8
T3s, 0.006280, 1.986e-05, 2.914, 8
T4o, -0.3778, -0.001195, 2.278, 8
T4s, 0.02996, 9.474e-05, 2.934, 8
T5o, -0.3681, -0.001164, 2.291, 8
T5s, 0.03720, 0.0001177, 2.934, 8
T6o, -0.2526, -0.0007989, 2.498, 8
T6s, 0.1419, 0.0004489, 3.073, 8
T7o, -0.1278, -0.0004041, 2.692, 8
T7s, 0.2613, 0.0008264, 3.212, 8
T8o, 0.005156, 1.630e-05, 2.883, 8
T8s, 0.3699, 0.001170, 3.338, 8
T9o, 0.1408, 0.0004453, 3.063, 8
T9s, 0.4918, 0.001555, 3.462, 8
TT, 0.7347, 0.002323, 3.753, 8
HandType, Income Rate, Error, SD, Iteration
32o, -0.4436, -0.001403, 2.224, 9
22, 0.1998, 0.0006317, 3.240, 9
32s, -0.09055, -0.0002863, 2.823, 9
33, 0.2215, 0.0007004, 3.257, 9
42o, -0.4089, -0.001293, 2.278, 9
42s, -0.03392, -0.0001073, 2.893, 9
43o, -0.3232, -0.001022, 2.426, 9
43s, 0.03841, 0.0001215, 2.984, 9
44, 0.2211, 0.0006992, 3.253, 9
52o, -0.3757, -0.001188, 2.330, 9
52s, -0.007263, -2.297e-05, 2.919, 9
53o, -0.2710, -0.0008568, 2.504, 9
53s, 0.07455, 0.0002357, 3.023, 9
54o, -0.1781, -0.0005633, 2.643, 9
54s, 0.1675, 0.0005297, 3.131, 9
55, 0.2383, 0.0007535, 3.263, 9
62o, -0.4497, -0.001422, 2.195, 9
62s, -0.07997, -0.0002529, 2.825, 9
63s, 0.01224, 3.870e-05, 2.943, 9
63o, -0.3494, -0.001105, 2.377, 9
64o, -0.2548, -0.0008056, 2.534, 9
64s, 0.09468, 0.0002994, 3.044, 9
65o, -0.1386, -0.0004382, 2.706, 9
65s, 0.1984, 0.0006275, 3.165, 9
66, 0.3223, 0.001019, 3.360, 9
72o, -0.5235, -0.001655, 2.030, 9
72s, -0.1497, -0.0004734, 2.719, 9
73o, -0.4187, -0.001324, 2.242, 9
73s, -0.05142, -0.0001626, 2.851, 9
74o, -0.3125, -0.0009883, 2.425, 9
74s, 0.04215, 0.0001333, 2.973, 9
75o, -0.1959, -0.0006196, 2.609, 9
75s, 0.1740, 0.0005503, 3.131, 9
76o, -0.1307, -0.0004133, 2.708, 9
76s, 0.2298, 0.0007267, 3.198, 9
77, 0.3552, 0.001123, 3.394, 9
82o, -0.5098, -0.001612, 2.061, 9
82s, -0.1386, -0.0004382, 2.734, 9
83o, -0.4680, -0.001480, 2.135, 9
83s, -0.09173, -0.0002901, 2.793, 9
84o, -0.3754, -0.001187, 2.308, 9
84s, -0.01729, -5.467e-05, 2.894, 9
85o, -0.2572, -0.0008132, 2.510, 9
85s, 0.1049, 0.0003316, 3.042, 9
86o, -0.1681, -0.0005316, 2.653, 9
86s, 0.2013, 0.0006365, 3.162, 9
87o, -0.06179, -0.0001954, 2.809, 9
87s, 0.2788, 0.0008816, 3.250, 9
88, 0.4529, 0.001432, 3.495, 9
92o, -0.4620, -0.001461, 2.158, 9
92s, -0.08367, -0.0002646, 2.812, 9
93o, -0.4531, -0.001433, 2.164, 9
93s, -0.06288, -0.0001988, 2.831, 9
94o, -0.4347, -0.001375, 2.183, 9
94s, -0.05350, -0.0001692, 2.835, 9
95o, -0.3409, -0.001078, 2.358, 9
95s, 0.04409, 0.0001394, 2.963, 9
96o, -0.2317, -0.0007327, 2.545, 9
96s, 0.1532, 0.0004846, 3.099, 9
97o, -0.1049, -0.0003318, 2.743, 9
97s, 0.2654, 0.0008393, 3.233, 9
98o, -0.01902, -6.013e-05, 2.865, 9
98s, 0.3350, 0.001059, 3.310, 9
99, 0.5713, 0.001806, 3.613, 9
A2o, -0.1009, -0.0003190, 2.779, 9
A2s, 0.3190, 0.001009, 3.321, 9
A3o, -0.03794, -0.0001200, 2.849, 9
A3s, 0.3902, 0.001234, 3.384, 9
A4o, -0.02550, -8.065e-05, 2.854, 9
A4s, 0.4265, 0.001349, 3.409, 9
A5o, 0.008347, 2.639e-05, 2.886, 9
A5s, 0.4591, 0.001452, 3.431, 9
A6o, -0.04750, -0.0001502, 2.805, 9
A6s, 0.3928, 0.001242, 3.360, 9
A7o, 0.0001217, 3.847e-07, 2.876, 9
A7s, 0.4427, 0.001400, 3.410, 9
A8o, 0.04725, 0.0001494, 2.940, 9
A8s, 0.4783, 0.001513, 3.447, 9
A9o, 0.1183, 0.0003741, 3.035, 9
A9s, 0.5349, 0.001692, 3.508, 9
AA, 2.124, 0.006718, 4.622, 9
AJo, 0.3884, 0.001228, 3.348, 9
AJs, 0.7821, 0.002473, 3.736, 9
AKo, 0.6278, 0.001985, 3.591, 9
AKs, 0.9792, 0.003096, 3.898, 9
AQo, 0.4908, 0.001552, 3.456, 9
AQs, 0.8721, 0.002758, 3.809, 9
ATo, 0.3203, 0.001013, 3.265, 9
ATs, 0.6961, 0.002201, 3.653, 9
J2o, -0.3765, -0.001191, 2.321, 9
J2s, 0.02936, 9.286e-05, 2.964, 9
J3o, -0.3632, -0.001148, 2.328, 9
J3s, 0.05649, 0.0001786, 2.987, 9
J4o, -0.3345, -0.001058, 2.363, 9
J4s, 0.05404, 0.0001709, 2.974, 9
J5o, -0.3052, -0.0009653, 2.401, 9
J5s, 0.09775, 0.0003091, 3.019, 9
J6o, -0.2840, -0.0008981, 2.438, 9
J6s, 0.1100, 0.0003479, 3.033, 9
J7o, -0.1809, -0.0005721, 2.614, 9
J7s, 0.2229, 0.0007050, 3.173, 9
J8o, -0.05295, -0.0001674, 2.806, 9
J8s, 0.3293, 0.001041, 3.294, 9
J9o, 0.08021, 0.0002537, 2.984, 9
J9s, 0.4452, 0.001408, 3.415, 9
JJ, 0.9456, 0.002990, 3.930, 9
JTo, 0.3117, 0.0009858, 3.252, 9
JTs, 0.6600, 0.002087, 3.618, 9
K2o, -0.2475, -0.0007826, 2.553, 9
K2s, 0.2057, 0.0006503, 3.193, 9
K3o, -0.2145, -0.0006783, 2.592, 9
K3s, 0.2189, 0.0006922, 3.195, 9
K4o, -0.2078, -0.0006573, 2.581, 9
K4s, 0.2338, 0.0007393, 3.199, 9
K5o, -0.1527, -0.0004830, 2.657, 9
K5s, 0.2671, 0.0008448, 3.226, 9
K6o, -0.1245, -0.0003936, 2.698, 9
K6s, 0.2945, 0.0009312, 3.255, 9
K7o, -0.1063, -0.0003360, 2.726, 9
K7s, 0.3128, 0.0009891, 3.279, 9
K8o, -0.06354, -0.0002009, 2.791, 9
K8s, 0.3626, 0.001147, 3.326, 9
K9o, 0.08333, 0.0002635, 2.992, 9
K9s, 0.4756, 0.001504, 3.454, 9
KJo, 0.3326, 0.001052, 3.287, 9
KJs, 0.7369, 0.002330, 3.692, 9
KK, 1.639, 0.005183, 4.392, 9
KQo, 0.4694, 0.001484, 3.436, 9
KQs, 0.7980, 0.002523, 3.746, 9
KTo, 0.2964, 0.0009372, 3.241, 9
Q2o, -0.3356, -0.001061, 2.404, 9
KTs, 0.6909, 0.002185, 3.650, 9
Q2s, 0.09641, 0.0003049, 3.056, 9
Q3o, -0.2906, -0.0009188, 2.464, 9
Q3s, 0.1158, 0.0003663, 3.068, 9
Q4o, -0.2625, -0.0008301, 2.495, 9
Q4s, 0.1519, 0.0004805, 3.099, 9
Q5o, -0.2638, -0.0008341, 2.476, 9
Q5s, 0.1791, 0.0005664, 3.122, 9
Q6o, -0.2232, -0.0007059, 2.542, 9
Q6s, 0.2016, 0.0006376, 3.147, 9
Q7o, -0.1961, -0.0006200, 2.588, 9
Q7s, 0.2030, 0.0006418, 3.149, 9
Q8o, -0.07516, -0.0002377, 2.777, 9
Q9o, 0.06069, 0.0001919, 2.963, 9
Q8s, 0.3356, 0.001061, 3.305, 9
Q9s, 0.4402, 0.001392, 3.412, 9
QJo, 0.3673, 0.001161, 3.320, 9
QJs, 0.7165, 0.002266, 3.672, 9
QQ, 1.206, 0.003813, 4.125, 9
QTo, 0.2748, 0.0008689, 3.213, 9
QTs, 0.6643, 0.002101, 3.617, 9
T2o, -0.4160, -0.001316, 2.235, 9
T2s, -0.02525, -7.985e-05, 2.884, 9
T3o, -0.4084, -0.001291, 2.233, 9
T3s, -0.01882, -5.951e-05, 2.882, 9
T4o, -0.3701, -0.001170, 2.288, 9
T4s, 0.02475, 7.828e-05, 2.931, 9
T5o, -0.3507, -0.001109, 2.309, 9
T5s, 0.03736, 0.0001181, 2.937, 9
T6o, -0.2618, -0.0008280, 2.479, 9
T6s, 0.1132, 0.0003578, 3.040, 9
T7o, -0.1323, -0.0004184, 2.685, 9
T7s, 0.2371, 0.0007497, 3.190, 9
T8o, -0.006779, -2.144e-05, 2.869, 9
T8s, 0.3556, 0.001124, 3.320, 9
T9o, 0.1412, 0.0004466, 3.062, 9
T9s, 0.5006, 0.001583, 3.468, 9
TT, 0.7169, 0.002267, 3.736, 9
